{"sections":{"d46a66e0-8eca-4906-8283-134c4c33a059":{"type":"slideshow","blocks":{"f4aee2e0-6f44-449b-a54c-6d1da1f44a7a":{"type":"slide","disabled":true,"settings":{"image":"shopify:\/\/shop_images\/beauty-set.jpg","heading":"Beauty & Skincare","heading_size":"h2","subheading":"The Royal Elegance","button_label":"View items","link":"shopify:\/\/collections\/beauty-skincare-1","button_style_secondary":false,"box_align":"middle-center","show_text_box":true,"text_alignment":"center","image_overlay_opacity":30,"color_scheme":"background-2","text_alignment_mobile":"center"}},"template--17952367771927__d46a66e0-8eca-4906-8283-134c4c33a059-16768267898df06a71-1":{"type":"slide","settings":{"image":"shopify:\/\/shop_images\/small-business-decor.jpg","heading":"Home Decor","heading_size":"h2","subheading":"As we evolve, Our homes should too.","button_label":"View Items","link":"shopify:\/\/collections\/home-decor","button_style_secondary":false,"box_align":"middle-center","show_text_box":true,"text_alignment":"center","image_overlay_opacity":0,"color_scheme":"background-2","text_alignment_mobile":"center"}},"2e13b58f-22b4-44ed-a3f0-287cab3be09f":{"type":"slide","disabled":true,"settings":{"image":"shopify:\/\/shop_images\/woman-in-active-wear-stretches-her-leg-outdoors.jpg","heading":"Exercise & Fitness","heading_size":"h2","subheading":"What seems impossible today will one day become your warm-up.","button_label":"View Items","link":"shopify:\/\/collections\/exercise-fitness","button_style_secondary":false,"box_align":"middle-center","show_text_box":true,"text_alignment":"center","image_overlay_opacity":30,"color_scheme":"background-2","text_alignment_mobile":"center"}},"template--17952367771927__d46a66e0-8eca-4906-8283-134c4c33a059-16768267898df06a71-0":{"type":"slide","disabled":true,"settings":{"image":"shopify:\/\/shop_images\/business-pug-working-on-laptop.jpg","heading":"Pet Care","heading_size":"h2","subheading":"A place for you and your pet.","button_label":"View items","link":"shopify:\/\/collections\/frontpage","button_style_secondary":false,"box_align":"top-left","show_text_box":true,"text_alignment":"center","image_overlay_opacity":0,"color_scheme":"background-2","text_alignment_mobile":"center"}},"9f8060f2-ab0c-45a9-88c3-36bf249dfa19":{"type":"slide","disabled":true,"settings":{"image":"shopify:\/\/shop_images\/nursery-interior-design.jpg","heading":"Toys & Games","heading_size":"h2","subheading":"Play is the exultation of the possible","button_label":"View Items","link":"shopify:\/\/collections\/toys-games","button_style_secondary":false,"box_align":"middle-left","show_text_box":true,"text_alignment":"center","image_overlay_opacity":10,"color_scheme":"background-2","text_alignment_mobile":"center"}}},"block_order":["f4aee2e0-6f44-449b-a54c-6d1da1f44a7a","template--17952367771927__d46a66e0-8eca-4906-8283-134c4c33a059-16768267898df06a71-1","2e13b58f-22b4-44ed-a3f0-287cab3be09f","template--17952367771927__d46a66e0-8eca-4906-8283-134c4c33a059-16768267898df06a71-0","9f8060f2-ab0c-45a9-88c3-36bf249dfa19"],"settings":{"layout":"full_bleed","slide_height":"small","slider_visual":"dots","auto_rotate":true,"change_slides_speed":7,"show_text_below":true,"accessibility_info":"The Categories we own!"}},"411a8c17-a93d-44a7-bb34-b7f7b6a1e243":{"type":"custom-liquid","settings":{"custom_liquid":"<video playsinline=\"\" loop=\"\" muted=\"\" autoplay=\"autoplay\" preload=\"\" id=\"vid\" width=\"100%\">\n\t<source src=\"https:\/\/cdn.shopify.com\/videos\/c\/o\/v\/b4032b2182e94b9489e35e8b23233235.mp4\">\n\t<source src=\"https:\/\/cdn.shopify.com\/videos\/c\/o\/v\/b4032b2182e94b9489e35e8b23233235.mp4\" type=\"video\/mp4\">\n  <\/video>","color_scheme":"background-2","padding_top":4,"padding_bottom":12}},"featured_collection":{"type":"featured-collection","settings":{"title":"Featured products","heading_size":"h2","description":"","show_description":false,"description_style":"body","collection":"all","products_to_show":6,"columns_desktop":3,"full_width":false,"show_view_all":true,"view_all_style":"solid","enable_desktop_slider":false,"color_scheme":"background-1","image_ratio":"square","show_secondary_image":true,"show_vendor":false,"show_rating":true,"enable_quick_add":true,"columns_mobile":"2","swipe_on_mobile":false,"padding_top":28,"padding_bottom":36}},"image_banner":{"type":"image-banner","blocks":{"heading":{"type":"heading","settings":{"heading":"Transform your home into a masterpiece with our exquisite home decor !","heading_size":"h2"}},"text":{"type":"text","settings":{"text":"","text_style":"caption-with-letter-spacing"}},"button":{"type":"buttons","settings":{"button_label_1":"Shop Now","button_link_1":"shopify:\/\/collections\/home-decor","button_style_secondary_1":true,"button_label_2":"","button_link_2":"","button_style_secondary_2":true}}},"block_order":["heading","text","button"],"settings":{"image":"shopify:\/\/shop_images\/copper-light-in-bedroom.jpg","image_overlay_opacity":20,"image_height":"medium","desktop_content_position":"middle-center","show_text_box":false,"desktop_content_alignment":"center","color_scheme":"background-1","mobile_content_alignment":"center","stack_images_on_mobile":false,"show_text_below":false}}},"order":["d46a66e0-8eca-4906-8283-134c4c33a059","411a8c17-a93d-44a7-bb34-b7f7b6a1e243","featured_collection","image_banner"]}